Source,Start_DateTime_GMT,End_DateTime_GMT,EncounterCount,EncounterNumber,SamplingRate,NumChannels,EncounterID,CruiseID,DataProvider,KnownSpecies,GeographicLocation,ClassifiedSpecies,FREQMAX,FREQMIN,DURATION,FREQBEG,FREQEND,FREQRANGE,DCMEAN,DCSTDDEV,FREQMEAN,FREQSTDDEV,FREQMEDIAN,FREQCENTER,FREQRELBW,FREQMAXMINRATIO,FREQBEGENDRATIO,FREQQUARTER1,FREQQUARTER2,FREQQUARTER3,FREQSPREAD,DCQUARTER1MEAN,DCQUARTER2MEAN,DCQUARTER3MEAN,DCQUARTER4MEAN,FREQCOFM,FREQSTEPUP,FREQSTEPDOWN,FREQNUMSTEPS,FREQSLOPEMEAN,FREQABSSLOPEMEAN,FREQPOSSLOPEMEAN,FREQNEGSLOPEMEAN,FREQSLOPERATIO,FREQBEGSWEEP,FREQBEGUP,FREQBEGDWN,FREQENDSWEEP,FREQENDUP,FREQENDDWN,NUMSWEEPSUPDWN,NUMSWEEPSDWNUP,NUMSWEEPSUPFLAT,NUMSWEEPSDWNFLAT,NUMSWEEPSFLATUP,NUMSWEEPSFLATDWN,FREQSWEEPUPPERCENT,FREQSWEEPDWNPERCENT,FREQSWEEPFLATPERCENT,NUMINFLECTIONS,INFLMAXDELTA,INFLMINDELTA,INFLMAXMINDELTA,INFLMEANDELTA,INFLSTDDEVDELTA,INFLMEDIANDELTA,INFLDUR,STEPDUR,FREQPEAK,BW3DB,BW3DBLOW,BW3DBHIGH,BW10DB,BW10DBLOW,BW10DBHIGH,RMSSIGNAL,RMSNOISE,SNR,NCROSSINGS,SWEEPRATE,MEANTIMEZC,MEDIANTIMEZC,VARIANCETIMEZC,WHALETRAIN,CLICKTYPE,ICI,OFFLINEEVENTID,Lat,Long,Classifier,Species1,Species2,Species3,Species4,Species5,Species6,Species7,Species8,Species9,Species_List
C:\Users\PMC\Documents\Analises_acusticas_PMC\PMC\PMC_20\PMC_A13\ROCCA\Sa_PMC_20_A13_210959_Whistle_05_M.wav,11 June 2025 18:25:12.671,11 June 2025 18:25:12.868,1,PMC_20_A13,192000.0,1,PMC,PMC,Petrobras,S_attenuata,BS,Sc,16687.5,9937.5,0.197,16687.5,9937.5,6750.0,0.507488687946213,0.12611834862435053,12431.743421052632,1890.7119739761074,12140.625,13312.5,0.5070422535211268,1.679245283018868,1.679245283018868,13593.75,12281.25,10781.25,2742.1875,0.5647764056188922,0.4704768243242762,0.5336148841071204,0.45883376506225804,0.534375,0.0,0.0,0.0,-34664.57528957529,34664.57528957529,0.0,-34664.57528957529,-0.0,0.0,0.0,1.0,0.0,0.0,1.0,0.0,0.0,0.0,0.0,0.0,0.0,0.0,100.0,0.0,0.0,0.0,0.0,0.0,0.0,0.0,0.0,0.0,0.0,0.0,0.0,0.0,0.0,0.0,0.0,0.0,0.0,0.0,0.0,0.0,0.0,0.0,0.0,0.0,0.0,0.0,0.0,0.0,0.0,0.0,NWAtlWhist.model,0.0026666666666666666,0.0,0.0026666666666666666,0.23733333333333334,0.0,0.47733333333333333,0.008,0.004,0.268,(Dd-Gg-Gm-Sa-Sb-Sc-Scl-Sf-Tt-)
C:\Users\PMC\Documents\Analises_acusticas_PMC\PMC\PMC_20\PMC_A13\ROCCA\Sa_PMC_20_A13_210500_Whistle_01_M.wav,11 June 2025 18:25:13.396,11 June 2025 18:25:13.573,2,PMC_20_A13,192000.0,1,PMC,PMC,Petrobras,S_attenuata,BS,Sf,19687.5,8906.25,0.177,8906.25,19687.5,10781.25,0.5188359215779503,0.12654594606891528,13863.970588235294,3247.329926941789,13640.625,14296.875,0.7540983606557377,2.210526315789474,0.4523809523809524,10875.0,13500.0,16781.25,5789.0625,0.5520935247581976,0.48571634924431173,0.5160909534578202,0.5214256049956449,0.99375,0.0,0.0,0.0,61268.93939393939,61268.93939393939,61268.93939393939,0.0,0.0,2.0,1.0,0.0,2.0,1.0,0.0,1.0,0.0,0.0,0.0,0.0,0.0,100.0,0.0,0.0,1.0,0.0,0.0,0.0,0.0,0.0,0.0,0.0,0.0,0.0,0.0,0.0,0.0,0.0,0.0,0.0,0.0,0.0,0.0,0.0,0.0,0.0,0.0,0.0,0.0,0.0,0.0,0.0,0.0,0.0,NWAtlWhist.model,0.008,0.0,0.016,0.22933333333333333,0.0,0.050666666666666665,0.014666666666666666,0.56,0.12133333333333333,(Dd-Gg-Gm-Sa-Sb-Sc-Scl-Sf-Tt-)
C:\Users\PMC\Documents\Analises_acusticas_PMC\PMC\PMC_20\PMC_A13\ROCCA\Sa_PMC_20_A13_210000_Whistle_03_M.wav,11 June 2025 18:25:14.263,11 June 2025 18:25:14.599,3,PMC_20_A13,192000.0,1,PMC,PMC,Petrobras,S_attenuata,BS,Sf,16968.75,9375.0,0.336,9375.0,16968.75,7593.75,0.4881085593185618,0.12356859638992895,12845.21484375,2166.3191520150667,13031.25,13171.875,0.5765124555160143,1.81,0.5524861878453039,11062.5,12937.5,13687.5,2554.6875,0.5164231249272156,0.41801144181988814,0.5236597666569325,0.4928676891330776,0.703125,0.0,0.0,0.0,22916.666666666668,22916.666666666668,31385.869565217392,0.0,0.0,2.0,1.0,0.0,2.0,1.0,0.0,1.0,0.0,7.0,0.0,7.0,0.0,77.5,11.25,11.25,1.0,0.0,0.0,0.0,0.0,0.0,0.0,0.0,0.0,0.0,0.0,0.0,0.0,0.0,0.0,0.0,0.0,0.0,0.0,0.0,0.0,0.0,0.0,0.0,0.0,0.0,0.0,0.0,0.0,0.0,NWAtlWhist.model,0.236,0.0,0.012,0.06266666666666666,0.0,0.128,0.025333333333333333,0.4786666666666667,0.05733333333333333,(Dd-Gg-Gm-Sa-Sb-Sc-Scl-Sf-Tt-)
C:\Users\PMC\Documents\Analises_acusticas_PMC\PMC\PMC_20\PMC_A13\ROCCA\Sa_PMC_20_A13_210000_Whistle_06_M.wav,11 June 2025 18:25:16.776,11 June 2025 18:25:17.188,6,PMC_20_A13,192000.0,1,PMC,PMC,Petrobras,S_attenuata,BS,Ambig,18000.0,6937.5,0.412,6937.5,18000.0,11062.5,0.48394819807572403,0.14034904240171514,12806.490384615385,3444.17540185891,12140.625,12468.75,0.8872180451127819,2.5945945945945947,0.3854166666666667,9843.75,11531.25,16031.25,6093.75,0.49824285929078843,0.507947114852433,0.4924901135686312,0.4350972531177913,1.059375,1.0,0.0,1.0,27214.749536178108,27214.749536178108,32742.745535714286,0.0,0.0,2.0,1.0,0.0,2.0,1.0,0.0,1.0,0.0,2.0,0.0,2.0,0.0,90.47619047619048,4.761904761904762,4.761904761904762,1.0,0.0,0.0,0.0,0.0,0.0,0.0,0.0,2.4271844660194177,0.0,0.0,0.0,0.0,0.0,0.0,0.0,0.0,0.0,0.0,0.0,0.0,0.0,0.0,0.0,0.0,0.0,0.0,0.0,0.0,0.0,NWAtlWhist.model,0.04933333333333333,0.0,0.021333333333333333,0.30666666666666664,0.0,0.14,0.037333333333333336,0.23866666666666667,0.20666666666666667,(Dd-Gg-Gm-Sa-Sb-Sc-Scl-Sf-Tt-)
C:\Users\PMC\Documents\Analises_acusticas_PMC\PMC\PMC_20\PMC_A13\ROCCA\Sa_PMC_20_A13_210000_Whistle_10_M.wav,11 June 2025 18:25:17.697,11 June 2025 18:25:18.199,7,PMC_20_A13,192000.0,1,PMC,PMC,Petrobras,S_attenuata,BS,Sc,15562.5,10031.25,0.502,15562.5,11531.25,5531.25,0.4916725122301869,0.15726425768325844,12132.236842105263,1885.5667048296814,11250.0,12796.875,0.43223443223443225,1.5514018691588785,1.3495934959349594,14156.25,10968.75,10125.0,3609.375,0.4897609210376479,0.4871870570822296,0.49285336972569116,0.4971154918945258,0.675,0.0,0.0,0.0,-8171.0676291793325,14254.844224924014,17871.09375,-21510.568513119535,-0.8308052731893265,0.0,0.0,1.0,2.0,1.0,0.0,1.0,0.0,3.0,2.0,4.0,1.0,30.708661417322837,55.90551181102362,13.385826771653544,2.0,0.134,0.134,1.0,0.134,0.0,0.134,3.9840637450199203,0.0,0.0,0.0,0.0,0.0,0.0,0.0,0.0,0.0,0.0,0.0,0.0,0.0,0.0,0.0,0.0,0.0,0.0,0.0,0.0,0.0,0.0,NWAtlWhist.model,0.17333333333333334,0.0,0.0013333333333333333,0.11733333333333333,0.0,0.4093333333333333,0.06133333333333333,0.029333333333333333,0.208,(Dd-Gg-Gm-Sa-Sb-Sc-Scl-Sf-Tt-)
C:\Users\PMC\Documents\Analises_acusticas_PMC\PMC\PMC_20\PMC_A13\ROCCA\Sa_PMC_20_A13_210000_Whistle_13_M.wav,11 June 2025 18:25:18.657,11 June 2025 18:25:19.191,8,PMC_20_A13,192000.0,1,PMC,PMC,Petrobras,S_attenuata,BS,Ambig,16781.25,8531.25,0.534,16781.25,9187.5,8250.0,0.5128640792488882,0.1295485351230286,11107.054455445545,2896.0889121373566,10312.5,12656.25,0.6518518518518519,1.967032967032967,1.8265306122448979,12937.5,10312.5,8625.0,4218.75,0.5447100200669212,0.4446500930573055,0.4972707760282592,0.5635515902103456,0.8625,0.0,1.0,1.0,-13852.678571428572,16227.678571428572,16964.285714285714,-41778.27380952382,-0.4060552092609082,0.0,0.0,1.0,2.0,1.0,0.0,1.0,0.0,4.0,5.0,5.0,4.0,27.878787878787882,52.121212121212125,20.0,2.0,0.156,0.156,1.0,0.156,0.0,0.156,3.745318352059925,1.8726591760299625,0.0,0.0,0.0,0.0,0.0,0.0,0.0,0.0,0.0,0.0,0.0,0.0,0.0,0.0,0.0,0.0,0.0,0.0,0.0,0.0,0.0,NWAtlWhist.model,0.29333333333333333,0.0,0.004,0.12266666666666666,0.0,0.23466666666666666,0.07066666666666667,0.017333333333333333,0.25733333333333336,(Dd-Gg-Gm-Sa-Sb-Sc-Scl-Sf-Tt-)
C:\Users\PMC\Documents\Analises_acusticas_PMC\PMC\PMC_20\PMC_A13\ROCCA\Sa_PMC_20_A13_210000_Whistle_20_M.wav,11 June 2025 18:25:19.578,11 June 2025 18:25:19.807,10,PMC_20_A13,192000.0,1,PMC,PMC,Petrobras,S_attenuata,BS,Ambig,9937.5,8625.0,0.229,9375.0,9937.5,1312.5,0.4922693289504347,0.11435592298476549,9093.75,420.236644296166,9000.0,9281.25,0.1414141414141414,1.1521739130434783,0.9433962264150944,8625.0,8906.25,9375.0,703.125,0.4589290556688124,0.4705559489057963,0.5644963135922062,0.4767126918315345,0.15,0.0,0.0,0.0,2507.267441860465,8975.290697674418,17633.928571428572,-23177.083333333332,-0.7608346709470306,0.0,0.0,1.0,2.0,1.0,0.0,1.0,0.0,0.0,1.0,1.0,0.0,60.0,25.0,15.0,2.0,0.144,0.144,1.0,0.144,0.0,0.144,8.73362445414847,0.0,0.0,0.0,0.0,0.0,0.0,0.0,0.0,0.0,0.0,0.0,0.0,0.0,0.0,0.0,0.0,0.0,0.0,0.0,0.0,0.0,0.0,NWAtlWhist.model,0.20133333333333334,0.0,0.044,0.048,0.0,0.31066666666666665,0.08266666666666667,0.25466666666666665,0.058666666666666666,(Dd-Gg-Gm-Sa-Sb-Sc-Scl-Sf-Tt-)
C:\Users\PMC\Documents\Analises_acusticas_PMC\PMC\PMC_20\PMC_A13\ROCCA\Sa_PMC_20_A13_210000_Whistle_24_M.wav,11 June 2025 18:25:20.246,11 June 2025 18:25:21.068,11,PMC_20_A13,192000.0,1,PMC,PMC,Petrobras,S_attenuata,BS,Ambig,18000.0,8437.5,0.822,8437.5,16500.0,9562.5,0.5638340844412886,0.11913763653992239,15220.161290322581,2600.153313683768,15187.5,13218.75,0.723404255319149,2.1333333333333333,0.5113636363636364,14343.75,17906.25,14906.25,3328.125,0.5748609053747301,0.5741505398642518,0.57058875586127,0.5349967169865762,1.425,0.0,0.0,0.0,9904.046846011131,17736.83905380334,34328.1970046083,-40208.333333333336,-0.8537582674721235,1.0,0.0,0.0,2.0,1.0,0.0,0.0,0.0,5.0,4.0,5.0,5.0,49.08424908424908,28.93772893772894,21.978021978021978,3.0,0.287,0.144,1.9930555555555556,0.21549999999999997,0.10111626970967628,0.21549999999999997,3.649635036496351,0.0,0.0,0.0,0.0,0.0,0.0,0.0,0.0,0.0,0.0,0.0,0.0,0.0,0.0,0.0,0.0,0.0,0.0,0.0,0.0,0.0,0.0,NWAtlWhist.model,0.30266666666666664,0.0,0.016,0.072,0.0,0.312,0.06666666666666667,0.08266666666666667,0.148,(Dd-Gg-Gm-Sa-Sb-Sc-Scl-Sf-Tt-)
C:\Users\PMC\Documents\Analises_acusticas_PMC\PMC\PMC_20\PMC_A13\ROCCA\Sa_PMC_20_A13_205459_Whistle_03_M.wav,11 June 2025 18:25:21.558,11 June 2025 18:25:22.636,12,PMC_20_A13,192000.0,1,PMC,PMC,Petrobras,S_attenuata,BS,Ambig,13875.0,7500.0,1.078,13593.75,8437.5,6375.0,0.521155191637706,0.15961351678566055,10409.48275862069,2077.6204995848793,10125.0,10687.5,0.5964912280701754,1.85,1.6111111111111112,11062.5,8343.75,12562.5,4265.625,0.500697457380514,0.5600841064869625,0.49864129339984226,0.5252787636364207,2.79375,0.0,0.0,0.0,-5014.586280056577,26673.002121640737,34722.22222222222,-34047.302431610944,-1.0198230033632458,0.0,0.0,1.0,2.0,1.0,0.0,1.0,0.0,2.0,5.0,3.0,4.0,37.75100401606426,52.610441767068274,9.63855421686747,6.0,0.325,0.043,7.558139534883722,0.1856,0.10183957973204721,0.182,5.565862708719851,0.0,0.0,0.0,0.0,0.0,0.0,0.0,0.0,0.0,0.0,0.0,0.0,0.0,0.0,0.0,0.0,0.0,0.0,0.0,0.0,0.0,0.0,NWAtlWhist.model,0.14933333333333335,0.0,0.0026666666666666666,0.176,0.0,0.21466666666666667,0.036,0.05466666666666667,0.36666666666666664,(Dd-Gg-Gm-Sa-Sb-Sc-Scl-Sf-Tt-)
C:\Users\PMC\Documents\Analises_acusticas_PMC\PMC\PMC_20\PMC_A13\ROCCA\Sa_PMC_20_A13_205459_Whistle_04_M.wav,11 June 2025 18:25:23.078,11 June 2025 18:25:23.830,13,PMC_20_A13,192000.0,1,PMC,PMC,Petrobras,S_attenuata,BS,Ambig,16593.75,8156.25,0.752,10781.25,9281.25,8437.5,0.5579783250925142,0.14378750050330266,12164.392605633802,2571.5538020646227,12046.875,12375.0,0.6818181818181818,2.0344827586206895,1.1616161616161615,13875.0,15843.75,10031.25,4171.875,0.6523153268024054,0.5694895013693176,0.4914249856499947,0.5156592528915763,2.2875,0.0,1.0,1.0,-1480.179837892604,31023.619554204663,34713.541666666664,-37565.866510538646,-0.9240713682706667,2.0,1.0,0.0,2.0,1.0,0.0,2.0,0.0,1.0,2.0,2.0,1.0,45.45454545454545,46.666666666666664,7.878787878787878,5.0,0.315,0.063,5.0,0.14400000000000002,0.11574397032531183,0.099,6.648936170212766,1.3297872340425532,0.0,0.0,0.0,0.0,0.0,0.0,0.0,0.0,0.0,0.0,0.0,0.0,0.0,0.0,0.0,0.0,0.0,0.0,0.0,0.0,0.0,NWAtlWhist.model,0.14533333333333334,0.0,0.0013333333333333333,0.136,0.0,0.14933333333333335,0.10266666666666667,0.09866666666666667,0.36666666666666664,(Dd-Gg-Gm-Sa-Sb-Sc-Scl-Sf-Tt-)
C:\Users\PMC\Documents\Analises_acusticas_PMC\PMC\PMC_20\PMC_A13\ROCCA\Sa_PMC_20_A13_205459_Whistle_12_M.wav,11 June 2025 18:25:24.382,11 June 2025 18:25:25.645,14,PMC_20_A13,192000.0,1,PMC,PMC,Petrobras,S_attenuata,BS,Ambig,20250.0,9000.0,1.263,9656.25,11437.5,11250.0,0.6801657709325044,0.137875488491921,13034.795168067227,3782.5557737803783,11437.5,14625.0,0.7692307692307693,2.25,0.8442622950819673,20156.25,12750.0,9093.75,6984.375,0.6923838035536689,0.6827179851132927,0.6707102063107359,0.674600745586186,2.38125,0.0,0.0,0.0,1314.7980711271855,19624.02049427366,31015.625,-40936.657681940706,-0.7576491769547324,2.0,1.0,0.0,1.0,0.0,0.0,0.0,0.0,7.0,5.0,6.0,6.0,43.386243386243386,37.83068783068783,18.78306878306878,3.0,0.565,0.347,1.6282420749279538,0.45599999999999996,0.15414927829866734,0.45599999999999996,2.3752969121140146,0.0,0.0,0.0,0.0,0.0,0.0,0.0,0.0,0.0,0.0,0.0,0.0,0.0,0.0,0.0,0.0,0.0,0.0,0.0,0.0,0.0,0.0,NWAtlWhist.model,0.32666666666666666,0.0,0.024,0.10933333333333334,0.0,0.264,0.04133333333333333,0.08933333333333333,0.14533333333333334,(Dd-Gg-Gm-Sa-Sb-Sc-Scl-Sf-Tt-)
C:\Users\PMC\Documents\Analises_acusticas_PMC\PMC\PMC_20\PMC_A13\ROCCA\Sa_PMC_20_A13_210000_Whistle_04_M.wav,11 June 2025 18:25:29.096,11 June 2025 18:25:30.142,18,PMC_20_A13,192000.0,1,PMC,PMC,Petrobras,S_attenuata,BS,Ambig,15000.0,7593.75,1.046,7593.75,15000.0,7406.25,0.527497168474056,0.1309192124174534,11560.27918781726,2515.078298391352,11531.25,11296.875,0.6556016597510373,1.9753086419753085,0.50625,13312.5,10218.75,9750.0,4593.75,0.5218185660968867,0.544846730338836,0.5239758208279987,0.5194634464769361,2.128125,1.0,0.0,1.0,7232.826166180758,21008.33637026239,28532.308541973485,-75000.0,-0.38043078055964646,2.0,1.0,0.0,2.0,1.0,0.0,1.0,0.0,12.0,1.0,12.0,1.0,60.48109965635739,23.02405498281787,16.49484536082474,3.0,0.433,0.133,3.2556390977443606,0.28300000000000003,0.21213203435596426,0.28300000000000003,2.8680688336520075,0.9560229445506692,0.0,0.0,0.0,0.0,0.0,0.0,0.0,0.0,0.0,0.0,0.0,0.0,0.0,0.0,0.0,0.0,0.0,0.0,0.0,0.0,0.0,NWAtlWhist.model,0.224,0.0,0.04933333333333333,0.10266666666666667,0.0,0.18933333333333333,0.056,0.196,0.18266666666666667,(Dd-Gg-Gm-Sa-Sb-Sc-Scl-Sf-Tt-)
C:\Users\PMC\Documents\Analises_acusticas_PMC\PMC\PMC_20\PMC_A13\ROCCA\Sa_PMC_20_A13_205459_Whistle_25_M.wav,11 June 2025 18:25:30.700,11 June 2025 18:25:31.495,19,PMC_20_A13,192000.0,1,PMC,PMC,Petrobras,S_attenuata,BS,Ambig,15750.0,6562.5,0.795,14812.5,9562.5,9187.5,0.5890737008554642,0.13858340083566364,9813.125,2827.1117224236887,9562.5,11156.25,0.8235294117647058,2.4,1.5490196078431373,10312.5,9562.5,7218.75,3093.75,0.5862772491879491,0.5691539070325836,0.5895679634622142,0.6119096363199324,1.25625,0.0,1.0,1.0,-7051.474113135186,16962.787631831256,23819.124423963134,-42596.72619047619,-0.5591773489223835,2.0,1.0,0.0,2.0,1.0,0.0,1.0,0.0,4.0,4.0,4.0,4.0,35.714285714285715,43.65079365079365,20.634920634920633,3.0,0.459,0.256,1.79296875,0.35750000000000004,0.14354267658086917,0.35750000000000004,3.773584905660377,1.2578616352201257,0.0,0.0,0.0,0.0,0.0,0.0,0.0,0.0,0.0,0.0,0.0,0.0,0.0,0.0,0.0,0.0,0.0,0.0,0.0,0.0,0.0,NWAtlWhist.model,0.324,0.0,0.0013333333333333333,0.05733333333333333,0.0,0.216,0.021333333333333333,0.013333333333333334,0.36666666666666664,(Dd-Gg-Gm-Sa-Sb-Sc-Scl-Sf-Tt-)
C:\Users\PMC\Documents\Analises_acusticas_PMC\PMC\PMC_20\PMC_A13\ROCCA\Sa_PMC_20_A13_205459_Whistle_32_M.wav,17 June 2025 13:05:51.090,17 June 2025 13:05:52.220,1,PMC_20_A13,192000.0,1,PMC,PMC,Petrobras,S_attenuata,BS,Ambig,18937.5,9375.0,1.13,9843.75,9375.0,9562.5,0.4924715714126275,0.15439231923208713,13742.517605633802,2031.1828598442091,13406.25,14156.25,0.6754966887417219,2.02,1.05,12375.0,12187.5,13687.5,2906.25,0.47619945401219177,0.5108365780145894,0.4813275973428407,0.501829677363915,4.29375,0.0,0.0,0.0,-566.458894878706,39247.80997304582,41002.23214285714,-57812.5,-0.7092277992277991,1.0,0.0,0.0,0.0,0.0,1.0,3.0,0.0,2.0,3.0,5.0,1.0,50.75187969924813,38.721804511278194,10.526315789473683,7.0,0.187,0.09,2.077777777777778,0.14733333333333334,0.04023762749798585,0.16,6.194690265486726,0.0,0.0,0.0,0.0,0.0,0.0,0.0,0.0,0.0,0.0,0.0,0.0,0.0,0.0,0.0,0.0,0.0,0.0,0.0,0.0,0.0,0.0,NWAtlWhist.model,0.26266666666666666,0.0,0.017333333333333333,0.13466666666666666,0.0,0.136,0.096,0.09333333333333334,0.26,(Dd-Gg-Gm-Sa-Sb-Sc-Scl-Sf-Tt-)
C:\Users\PMC\Documents\Analises_acusticas_PMC\PMC\PMC_20\PMC_A13\ROCCA\Sa_PMC_20_A13_205459_Whistle_34_M.wav,17 June 2025 13:05:52.629,17 June 2025 13:05:53.226,2,PMC_20_A13,192000.0,1,PMC,PMC,Petrobras,S_attenuata,BS,Ambig,16968.75,7968.75,0.597,10875.0,16968.75,9000.0,0.5564440165789982,0.13647574722605366,10465.984513274336,2037.4286075033888,10500.0,12468.75,0.7218045112781954,2.1294117647058823,0.6408839779005525,12281.25,7968.75,9468.75,2906.25,0.521295205909418,0.5471979395340955,0.5980631903217754,0.5604750452174743,1.425,0.0,0.0,0.0,10437.260841836734,26062.260841836738,37851.35582010582,-29166.666666666668,-1.2977607709750565,2.0,1.0,0.0,2.0,1.0,0.0,1.0,0.0,2.0,2.0,3.0,1.0,53.37837837837838,33.78378378378378,12.837837837837837,4.0,0.245,0.112,2.1875,0.19033333333333333,0.06958687615731383,0.214,6.700167504187605,0.0,0.0,0.0,0.0,0.0,0.0,0.0,0.0,0.0,0.0,0.0,0.0,0.0,0.0,0.0,0.0,0.0,0.0,0.0,0.0,0.0,0.0,NWAtlWhist.model,0.10933333333333334,0.0,0.013333333333333334,0.2786666666666667,0.0,0.14,0.06666666666666667,0.18933333333333333,0.20266666666666666,(Dd-Gg-Gm-Sa-Sb-Sc-Scl-Sf-Tt-)
C:\Users\PMC\Documents\Analises_acusticas_PMC\PMC\PMC_20\PMC_A13\ROCCA\Sa_PMC_20_A13_205459_Whistle_36_M.wav,17 June 2025 13:05:53.689,17 June 2025 13:05:54.404,3,PMC_20_A13,192000.0,1,PMC,PMC,Petrobras,S_attenuata,BS,Ambig,20343.75,8812.5,0.715,9843.75,8812.5,11531.25,0.47723765843184296,0.1345606444499039,13946.527777777777,3882.920758436044,13031.25,14578.125,0.7909967845659164,2.3085106382978724,1.1170212765957446,14156.25,19781.25,11906.25,6656.25,0.5004319454852341,0.4729291505689964,0.48940034116771836,0.4452483340228044,2.175,2.0,0.0,2.0,-1136.0607675906183,31409.91471215352,46098.82305194805,-45428.75744047619,-1.0147498115560352,2.0,1.0,0.0,1.0,0.0,0.0,0.0,0.0,2.0,6.0,1.0,7.0,40.67796610169492,46.89265536723164,12.429378531073446,1.0,0.0,0.0,0.0,0.0,0.0,0.0,0.0,2.7972027972027975,0.0,0.0,0.0,0.0,0.0,0.0,0.0,0.0,0.0,0.0,0.0,0.0,0.0,0.0,0.0,0.0,0.0,0.0,0.0,0.0,0.0,NWAtlWhist.model,0.19466666666666665,0.0,0.02,0.11733333333333333,0.0,0.196,0.09333333333333334,0.056,0.32266666666666666,(Dd-Gg-Gm-Sa-Sb-Sc-Scl-Sf-Tt-)
C:\Users\PMC\Documents\Analises_acusticas_PMC\PMC\PMC_20\PMC_A13\ROCCA\Sa_PMC_20_A13_205459_Whistle_38_M.wav,17 June 2025 13:05:54.869,17 June 2025 13:05:55.851,4,PMC_20_A13,192000.0,1,PMC,PMC,Petrobras,S_attenuata,BS,Ambig,21937.5,9375.0,0.982,9750.0,12937.5,12562.5,0.531369680735328,0.15635154406379337,15787.5,4233.152498803344,15000.0,15656.25,0.8023952095808383,2.34,0.7536231884057971,18187.5,21093.75,12093.75,8062.5,0.46818910154710797,0.53483655523005,0.5547329199384154,0.569093637077658,2.690625,0.0,0.0,0.0,3351.853649068324,29251.98951863354,34477.62725779967,-36658.653846153844,-0.940504455032437,2.0,1.0,0.0,2.0,1.0,0.0,1.0,0.0,1.0,8.0,1.0,8.0,49.31506849315068,42.465753424657535,8.21917808219178,3.0,0.48,0.14,3.428571428571428,0.31,0.24041630560342614,0.31,3.054989816700611,0.0,0.0,0.0,0.0,0.0,0.0,0.0,0.0,0.0,0.0,0.0,0.0,0.0,0.0,0.0,0.0,0.0,0.0,0.0,0.0,0.0,0.0,NWAtlWhist.model,0.13733333333333334,0.0,0.025333333333333333,0.25733333333333336,0.0,0.13733333333333334,0.072,0.088,0.2826666666666667,(Dd-Gg-Gm-Sa-Sb-Sc-Scl-Sf-Tt-)
C:\Users\PMC\Documents\Analises_acusticas_PMC\PMC\PMC_20\PMC_A13\ROCCA\Sa_PMC_20_A13_205459_Whistle_41_M.wav,17 June 2025 13:05:56.302,17 June 2025 13:05:56.408,5,PMC_20_A13,192000.0,1,PMC,PMC,Petrobras,S_attenuata,BS,Ambig,16781.25,8906.25,0.106,8906.25,16781.25,7875.0,0.5758156220503469,0.10281111218603482,12558.035714285714,2387.4935723548483,12562.5,12843.75,0.6131386861313869,1.8842105263157896,0.5307262569832403,10218.75,12562.5,14343.75,3750.0,0.6153310672082127,0.639757521188415,0.47852148983836146,0.5617493209348252,0.5625,0.0,0.0,0.0,75602.67857142857,75602.67857142857,75602.67857142857,0.0,0.0,2.0,1.0,0.0,2.0,1.0,0.0,1.0,0.0,0.0,0.0,0.0,0.0,100.0,0.0,0.0,1.0,0.0,0.0,0.0,0.0,0.0,0.0,0.0,0.0,0.0,0.0,0.0,0.0,0.0,0.0,0.0,0.0,0.0,0.0,0.0,0.0,0.0,0.0,0.0,0.0,0.0,0.0,0.0,0.0,0.0,NWAtlWhist.model,0.06133333333333333,0.0,0.11733333333333333,0.17466666666666666,0.0,0.152,0.05333333333333334,0.24533333333333332,0.196,(Dd-Gg-Gm-Sa-Sb-Sc-Scl-Sf-Tt-)
C:\Users\PMC\Documents\Analises_acusticas_PMC\PMC\PMC_20\PMC_A13\ROCCA\Sa_PMC_20_A13_205459_Whistle_43_M.wav,17 June 2025 13:05:56.863,17 June 2025 13:05:58.229,6,PMC_20_A13,192000.0,1,PMC,PMC,Petrobras,S_attenuata,BS,Ambig,22218.75,8437.5,1.366,8437.5,14718.75,13781.25,0.584989103556694,0.14530416403773147,15067.485408560311,3810.21522932503,15000.0,15328.125,0.8990825688073395,2.6333333333333333,0.5732484076433121,15093.75,21468.75,9468.75,5812.5,0.649472303502357,0.5458619483309363,0.560160284575853,0.5834543278184793,3.16875,0.0,0.0,0.0,4663.957868303571,23726.109095982145,27739.91275899673,-33888.26884920635,-0.8185697794842177,2.0,1.0,0.0,2.0,1.0,0.0,1.0,0.0,2.0,1.0,2.0,1.0,56.074766355140184,33.64485981308411,10.2803738317757,3.0,0.437,0.289,1.5121107266435987,0.363,0.10465180361560905,0.363,2.1961932650073206,0.0,0.0,0.0,0.0,0.0,0.0,0.0,0.0,0.0,0.0,0.0,0.0,0.0,0.0,0.0,0.0,0.0,0.0,0.0,0.0,0.0,0.0,NWAtlWhist.model,0.14933333333333335,0.0,0.016,0.2773333333333333,0.0,0.11866666666666667,0.10533333333333333,0.09866666666666667,0.23466666666666666,(Dd-Gg-Gm-Sa-Sb-Sc-Scl-Sf-Tt-)
C:\Users\PMC\Documents\Analises_acusticas_PMC\PMC\PMC_20\PMC_A13\ROCCA\Sa_PMC_20_A13_205459_Whistle_47_M.wav,17 June 2025 13:05:58.894,17 June 2025 13:06:00.110,7,PMC_20_A13,192000.0,1,PMC,PMC,Petrobras,S_attenuata,BS,Ambig,21375.0,9000.0,1.216,9187.5,13500.0,12375.0,0.4882599212936966,0.12605130999190026,12936.271834061135,3773.052911806131,11812.5,15187.5,0.8148148148148148,2.375,0.6805555555555556,20531.25,11062.5,9187.5,3843.75,0.48648378970372924,0.4734993537136782,0.5201912178614994,0.4728964840992127,2.878125,0.0,0.0,0.0,3252.271303258146,24400.845864661656,34642.36656200942,-52411.684782608696,-0.6609664754280993,2.0,1.0,0.0,2.0,1.0,0.0,2.0,0.0,5.0,8.0,6.0,7.0,48.414985590778095,34.293948126801155,17.29106628242075,3.0,0.533,0.336,1.5863095238095237,0.4345,0.13930003589374987,0.4345,2.4671052631578947,0.0,0.0,0.0,0.0,0.0,0.0,0.0,0.0,0.0,0.0,0.0,0.0,0.0,0.0,0.0,0.0,0.0,0.0,0.0,0.0,0.0,0.0,NWAtlWhist.model,0.28,0.0,0.032,0.12666666666666668,0.0,0.22,0.04666666666666667,0.08933333333333333,0.20533333333333334,(Dd-Gg-Gm-Sa-Sb-Sc-Scl-Sf-Tt-)
C:\Users\PMC\Documents\Analises_acusticas_PMC\PMC\PMC_20\PMC_A13\ROCCA\Sa_PMC_20_A13_205000_Whistle_05_M.wav,17 June 2025 13:06:00.434,17 June 2025 13:06:01.523,8,PMC_20_A13,192000.0,1,PMC,PMC,Petrobras,S_attenuata,BS,Ambig,22687.5,8531.25,1.089,8531.25,15093.75,14156.25,0.5648046053245951,0.12678892555554086,14162.19512195122,4263.095038002298,13218.75,15609.375,0.9069069069069069,2.659340659340659,0.5652173913043478,13125.0,21562.5,9656.25,6187.5,0.5476577732101865,0.5655553226250273,0.5665202490688613,0.579821288788705,3.3,0.0,0.0,0.0,6155.899859943979,30543.154761904763,26930.241521068863,-60670.73170731707,-0.44387533763369785,1.0,0.0,0.0,2.0,1.0,0.0,1.0,0.0,2.0,1.0,3.0,1.0,69.26406926406926,24.675324675324674,6.0606060606060606,3.0,0.245,0.241,1.016597510373444,0.243,0.0028284271247461927,0.243,2.7548209366391188,0.0,0.0,0.0,0.0,0.0,0.0,0.0,0.0,0.0,0.0,0.0,0.0,0.0,0.0,0.0,0.0,0.0,0.0,0.0,0.0,0.0,0.0,NWAtlWhist.model,0.16533333333333333,0.0,0.018666666666666668,0.368,0.0,0.07733333333333334,0.07733333333333334,0.12266666666666666,0.17066666666666666,(Dd-Gg-Gm-Sa-Sb-Sc-Scl-Sf-Tt-)
C:\Users\PMC\Documents\Analises_acusticas_PMC\PMC\PMC_20\PMC_A13\ROCCA\Sa_PMC_20_A13_205000_Whistle_06_M.wav,17 June 2025 13:06:02.015,17 June 2025 13:06:02.799,9,PMC_20_A13,192000.0,1,PMC,PMC,Petrobras,S_attenuata,BS,Ambig,19875.0,8531.25,0.784,8906.25,8531.25,11343.75,0.5368092728257582,0.11361276648168256,13527.871621621622,4004.7473541175664,12421.875,14203.125,0.7986798679867987,2.32967032967033,1.043956043956044,13687.5,19593.75,11437.5,7359.375,0.5555064376726958,0.5066698332851662,0.5113889161263039,0.5741765005118151,2.184375,0.0,0.0,0.0,-1366.6180758017485,28355.806608357627,41327.19494047619,-44583.63702623907,-0.9269588058989816,2.0,1.0,0.0,1.0,0.0,0.0,1.0,0.0,4.0,1.0,4.0,1.0,41.74757281553398,43.689320388349515,14.563106796116504,1.0,0.0,0.0,0.0,0.0,0.0,0.0,0.0,0.0,0.0,0.0,0.0,0.0,0.0,0.0,0.0,0.0,0.0,0.0,0.0,0.0,0.0,0.0,0.0,0.0,0.0,0.0,0.0,0.0,0.0,NWAtlWhist.model,0.30666666666666664,0.0,0.009333333333333334,0.12133333333333333,0.0,0.23466666666666666,0.088,0.06533333333333333,0.17466666666666666,(Dd-Gg-Gm-Sa-Sb-Sc-Scl-Sf-Tt-)
C:\Users\PMC\Documents\Analises_acusticas_PMC\PMC\PMC_20\PMC_A13\ROCCA\Sa_PMC_20_A13_205000_Whistle_09_M.wav,17 June 2025 13:06:03.191,17 June 2025 13:06:04.268,10,PMC_20_A13,192000.0,1,PMC,PMC,Petrobras,S_attenuata,BS,Ambig,20531.25,10500.0,1.077,10500.0,15656.25,10031.25,0.5570401013415499,0.12419568568269591,16064.501231527094,2446.324080304405,15468.75,15515.625,0.6465256797583081,1.9553571428571428,0.6706586826347305,14531.25,18843.75,17250.0,3281.25,0.5401737936799239,0.5431664062473305,0.5815958390167232,0.5633480517238362,1.5,0.0,0.0,0.0,4889.718882602546,14768.6085572843,31515.731292517004,-20786.83035714286,-1.5161393416426971,2.0,1.0,0.0,2.0,1.0,0.0,0.0,0.0,7.0,2.0,6.0,3.0,41.82825484764543,36.011080332409975,22.160664819944596,3.0,0.374,0.058,6.448275862068965,0.216,0.22344574285494903,0.216,2.785515320334262,0.0,0.0,0.0,0.0,0.0,0.0,0.0,0.0,0.0,0.0,0.0,0.0,0.0,0.0,0.0,0.0,0.0,0.0,0.0,0.0,0.0,0.0,NWAtlWhist.model,0.37866666666666665,0.0,0.04666666666666667,0.11333333333333333,0.0,0.224,0.09333333333333334,0.029333333333333333,0.11466666666666667,(Dd-Gg-Gm-Sa-Sb-Sc-Scl-Sf-Tt-)
C:\Users\PMC\Documents\Analises_acusticas_PMC\PMC\PMC_20\PMC_A13\ROCCA\Sa_PMC_20_A13_205000_Whistle_22_M.wav,17 June 2025 13:06:04.801,17 June 2025 13:06:05.239,11,PMC_20_A13,192000.0,1,PMC,PMC,Petrobras,S_attenuata,BS,Ambig,15843.75,6562.5,0.438,6562.5,15843.75,9281.25,0.5556059130897567,0.14605207261350464,10252.635542168675,2908.7412480873927,9468.75,11203.125,0.8284518828451883,2.414285714285714,0.41420118343195267,7875.0,9468.75,12093.75,4218.75,0.5467857670607311,0.627570585941301,0.4646710010334373,0.5847858175852464,0.909375,0.0,0.0,0.0,21344.185540069688,21344.185540069688,26926.51098901099,0.0,0.0,2.0,1.0,0.0,2.0,1.0,0.0,1.0,0.0,2.0,0.0,3.0,0.0,93.10344827586206,3.4482758620689653,3.4482758620689653,1.0,0.0,0.0,0.0,0.0,0.0,0.0,0.0,0.0,0.0,0.0,0.0,0.0,0.0,0.0,0.0,0.0,0.0,0.0,0.0,0.0,0.0,0.0,0.0,0.0,0.0,0.0,0.0,0.0,0.0,NWAtlWhist.model,0.10666666666666667,0.0,0.02,0.17333333333333334,0.0,0.16933333333333334,0.02666666666666667,0.36666666666666664,0.13733333333333334,(Dd-Gg-Gm-Sa-Sb-Sc-Scl-Sf-Tt-)
C:\Users\PMC\Documents\Analises_acusticas_PMC\PMC\PMC_20\PMC_A13\ROCCA\Sa_PMC_20_A13_204500_Whistle_07_M.wav,17 June 2025 13:06:07.589,17 June 2025 13:06:07.749,14,PMC_20_A13,192000.0,1,PMC,PMC,Petrobras,S_attenuata,BS,Ambig,20437.5,9187.5,0.16,9187.5,20437.5,11250.0,0.5439369438004358,0.10046279034749832,14531.25,3645.5773719672993,14343.75,14812.5,0.759493670886076,2.2244897959183674,0.44954128440366975,11250.0,14343.75,17250.0,6187.5,0.6058942563778853,0.5548496141324804,0.5239010857842902,0.4835550867794656,1.05,0.0,0.0,0.0,69590.77380952382,69590.77380952382,69590.77380952382,0.0,0.0,2.0,1.0,0.0,2.0,1.0,0.0,1.0,0.0,0.0,0.0,0.0,0.0,100.0,0.0,0.0,1.0,0.0,0.0,0.0,0.0,0.0,0.0,0.0,0.0,0.0,0.0,0.0,0.0,0.0,0.0,0.0,0.0,0.0,0.0,0.0,0.0,0.0,0.0,0.0,0.0,0.0,0.0,0.0,0.0,0.0,NWAtlWhist.model,0.025333333333333333,0.0,0.05733333333333333,0.3,0.0,0.088,0.025333333333333333,0.37866666666666665,0.12533333333333332,(Dd-Gg-Gm-Sa-Sb-Sc-Scl-Sf-Tt-)
C:\Users\PMC\Documents\Analises_acusticas_PMC\PMC\PMC_20\PMC_A13\ROCCA\Sa_PMC_20_A13_204500_Whistle_12_M.wav,17 June 2025 13:06:08.198,17 June 2025 13:06:08.326,15,PMC_20_A13,192000.0,1,PMC,PMC,Petrobras,S_attenuata,BS,Ambig,21656.25,10781.25,0.128,10781.25,21656.25,10875.0,0.6218328708165293,0.14661577868063855,15457.5,3337.170805394144,14812.5,16218.75,0.6705202312138728,2.008695652173913,0.49783549783549785,12375.0,14812.5,18000.0,5437.5,0.6020695285617181,0.49537302487332485,0.765438578869436,0.6277442413374398,1.021875,0.0,0.0,0.0,85574.77678571428,85574.77678571428,85574.77678571428,0.0,0.0,2.0,1.0,0.0,2.0,1.0,0.0,1.0,0.0,0.0,0.0,0.0,0.0,100.0,0.0,0.0,1.0,0.0,0.0,0.0,0.0,0.0,0.0,0.0,0.0,0.0,0.0,0.0,0.0,0.0,0.0,0.0,0.0,0.0,0.0,0.0,0.0,0.0,0.0,0.0,0.0,0.0,0.0,0.0,0.0,0.0,NWAtlWhist.model,0.030666666666666665,0.0,0.112,0.33866666666666667,0.0,0.08933333333333333,0.030666666666666665,0.31466666666666665,0.084,(Dd-Gg-Gm-Sa-Sb-Sc-Scl-Sf-Tt-)
C:\Users\PMC\Documents\Analises_acusticas_PMC\PMC\PMC_20\PMC_A13\ROCCA\Sa_PMC_20_A13_204500_Whistle_16_M.wav,17 June 2025 13:06:09.693,17 June 2025 13:06:10.178,16,PMC_20_A13,192000.0,1,PMC,PMC,Petrobras,S_attenuata,BS,Ambig,14812.5,8062.5,0.485,9656.25,14812.5,6750.0,0.5551543644392538,0.11119570194541624,9782.608695652174,1762.2213135232596,9421.875,11437.5,0.5901639344262295,1.8372093023255813,0.6518987341772152,8062.5,9000.0,10968.75,2718.75,0.5709490477233377,0.5686820083511771,0.5384698820620095,0.5412241319794526,0.759375,0.0,0.0,0.0,11025.804552590267,17687.892464678178,29032.738095238095,-33680.555555555555,-0.8620029455081002,0.0,0.0,1.0,2.0,1.0,0.0,1.0,0.0,3.0,1.0,4.0,0.0,61.36363636363637,22.727272727272727,15.909090909090908,2.0,0.352,0.352,1.0,0.352,0.0,0.352,4.123711340206186,0.0,0.0,0.0,0.0,0.0,0.0,0.0,0.0,0.0,0.0,0.0,0.0,0.0,0.0,0.0,0.0,0.0,0.0,0.0,0.0,0.0,0.0,NWAtlWhist.model,0.12666666666666668,0.0,0.013333333333333334,0.112,0.0,0.25066666666666665,0.02266666666666667,0.312,0.16266666666666665,(Dd-Gg-Gm-Sa-Sb-Sc-Scl-Sf-Tt-)
C:\Users\PMC\Documents\Analises_acusticas_PMC\PMC\PMC_20\PMC_A13\ROCCA\Sa_PMC_20_A13_204500_Whistle_17_M.wav,17 June 2025 13:06:10.652,17 June 2025 13:06:11.314,17,PMC_20_A13,192000.0,1,PMC,PMC,Petrobras,S_attenuata,BS,Ambig,16312.5,9468.75,0.662,15093.75,16312.5,6843.75,0.570357455769465,0.13003266112528547,12288.0,2336.577007482347,11062.5,12890.625,0.5309090909090909,1.7227722772277227,0.9252873563218391,9937.5,10406.25,12375.0,4406.25,0.5337285202596397,0.6596720010051997,0.5674811625267805,0.5217297178510728,1.3125,0.0,0.0,0.0,2010.7286866359457,20508.71255760369,24494.83082706767,-57343.75,-0.4271578127881011,2.0,1.0,0.0,2.0,1.0,0.0,1.0,0.0,6.0,1.0,6.0,1.0,60.35502958579882,26.035502958579883,13.609467455621301,3.0,0.464,0.128,3.625,0.29600000000000004,0.23758787847868,0.29600000000000004,4.531722054380665,0.0,0.0,0.0,0.0,0.0,0.0,0.0,0.0,0.0,0.0,0.0,0.0,0.0,0.0,0.0,0.0,0.0,0.0,0.0,0.0,0.0,0.0,NWAtlWhist.model,0.2653333333333333,0.0,0.004,0.1,0.0,0.208,0.076,0.08,0.26666666666666666,(Dd-Gg-Gm-Sa-Sb-Sc-Scl-Sf-Tt-)
C:\Users\PMC\Documents\Analises_acusticas_PMC\PMC\PMC_20\PMC_A13\ROCCA\Sa_PMC_20_A13_205459_Whistle_10_M.wav,17 June 2025 13:06:11.808,17 June 2025 13:06:12.650,18,PMC_20_A13,192000.0,1,PMC,PMC,Petrobras,S_attenuata,BS,Ambig,16875.0,7781.25,0.842,7781.25,14531.25,9093.75,0.5434205448526239,0.12039950409531516,11807.193396226416,2759.3523712354718,11156.25,12328.125,0.7376425855513308,2.1686746987951806,0.535483870967742,12468.75,16312.5,8156.25,4500.0,0.47696813510867936,0.5124944514337159,0.5817865852092726,0.6039461477307823,2.390625,0.0,0.0,0.0,8369.122965641953,29571.654611211576,32229.26267281106,-50757.57575757576,-0.6349645780315014,2.0,1.0,0.0,2.0,1.0,0.0,2.0,0.0,2.0,1.0,3.0,0.0,63.07692307692307,27.17948717948718,9.743589743589745,3.0,0.224,0.213,1.051643192488263,0.2185,0.00777817459305203,0.2185,3.5629453681710217,0.0,0.0,0.0,0.0,0.0,0.0,0.0,0.0,0.0,0.0,0.0,0.0,0.0,0.0,0.0,0.0,0.0,0.0,0.0,0.0,0.0,0.0,NWAtlWhist.model,0.128,0.0,0.013333333333333334,0.172,0.0,0.12666666666666668,0.11866666666666667,0.28,0.16133333333333333,(Dd-Gg-Gm-Sa-Sb-Sc-Scl-Sf-Tt-)
C:\Users\PMC\Documents\Analises_acusticas_PMC\PMC\PMC_20\PMC_A13\ROCCA\Sa_PMC_20_A13_205459_Whistle_35_M.wav,17 June 2025 13:06:13.277,17 June 2025 13:06:14.071,19,PMC_20_A13,192000.0,1,PMC,PMC,Petrobras,S_attenuata,BS,Ambig,17718.75,8437.5,0.794,8906.25,9000.0,9281.25,0.5038724597268606,0.18628761911236671,12730.625,3252.7186575322994,12703.125,13078.125,0.7096774193548387,2.1,0.9895833333333334,12281.25,16125.0,14531.25,6515.625,0.4739193041567478,0.5676778012495918,0.43963277671406487,0.533345032842373,1.865625,0.0,0.0,0.0,295.122243528284,24414.249760306808,21914.85969387755,-40838.068181818184,-0.5366282165039928,0.0,0.0,1.0,2.0,1.0,0.0,1.0,0.0,1.0,4.0,2.0,3.0,56.470588235294116,37.05882352941177,6.470588235294119,4.0,0.442,0.015,29.46666666666667,0.24866666666666667,0.216338469379196,0.289,5.037783375314861,0.0,0.0,0.0,0.0,0.0,0.0,0.0,0.0,0.0,0.0,0.0,0.0,0.0,0.0,0.0,0.0,0.0,0.0,0.0,0.0,0.0,0.0,NWAtlWhist.model,0.21333333333333335,0.0,0.005333333333333333,0.144,0.0,0.18933333333333333,0.05466666666666667,0.09333333333333334,0.3,(Dd-Gg-Gm-Sa-Sb-Sc-Scl-Sf-Tt-)
